Street Address,Zipcode,City,State,Price,Yearly Rent,Payback Ratio (in years),Bedrooms,Bathrooms,Living Area,Home Type,Home Status,Days On Zillow,Monthly Rent Per SqFt,Yearly Rent Per SqFt
560 Buckeye Ln LOT 49,37042,Clarksville,TN,274400,0,0,3,3,1453,SINGLE_FAMILY,FOR_SALE,-1,0.0,0.0
440 Pomeroy Dr LOT 204,37042,Clarksville,TN,0,0,0,4,3,2220,SINGLE_FAMILY,FOR_SALE,-1,0.0,0.0
373 Timber Spgs,37042,Clarksville,TN,0,0,0,3,3,2250,SINGLE_FAMILY,FOR_SALE,-1,0.0,0.0
3601 Prestwicke Pl LOT 56,37010,Adams,TN,0,0,0,4,3,2586,SINGLE_FAMILY,FOR_SALE,-1,0.0,0.0
216 Dana Cir LOT 5,37043,Clarksville,TN,0,0,0,3,3,1802,SINGLE_FAMILY,FOR_SALE,-1,0.0,0.0
250 Mills Dr LOT 250,37042,Clarksville,TN,0,0,0,3,3,1432,SINGLE_FAMILY,FOR_SALE,-1,0.0,0.0
1 Britton Springs Rd,37042,Clarksville,TN,0,0,0,0,0,0,LOT,FOR_SALE,-1,0.0,0.0
0 Britton Springs Rd,37042,Clarksville,TN,0,15600,0.0,0,0,0,LOT,FOR_SALE,-1,0.0,0.0
2830 Brothers Rd LOT 17,37043,Clarksville,TN,0,0,0,3,3,2863,SINGLE_FAMILY,FOR_SALE,-1,0.0,0.0
1145 Presto Ct LOT 69,37010,Adams,TN,0,0,0,3,3,2685,SINGLE_FAMILY,FOR_SALE,-1,0.0,0.0
379 Edmondson Ferry Rd,37040,Clarksville,TN,368700,0,0,3,2,1799,SINGLE_FAMILY,FOR_SALE,-1,0.0,0.0
9 Proctor Dr,37043,Clarksville,TN,0,10200,0.0,4,2,1792,MULTI_FAMILY,FOR_SALE,-1,0.47,5.69
1536 Kestrel Dr,37040,Clarksville,TN,0,29976,0.0,4,3,2675,SINGLE_FAMILY,FOR_SALE,-1,0.93,11.21
0 Gary Ct,37043,Clarksville,TN,0,0,0,5,6,3924,SINGLE_FAMILY,FOR_SALE,-1,0.0,0.0
0 Sevier St,37042,Clarksville,TN,0,0,0,0,0,0,LOT,FOR_SALE,-1,0.0,0.0
11 Gary Ct LOT 14A,37043,Clarksville,TN,0,0,0,2,2,1468,SINGLE_FAMILY,FOR_SALE,-1,0.0,0.0
21 Proctor Dr,37043,Clarksville,TN,0,10200,0.0,4,2,1792,MULTI_FAMILY,FOR_SALE,-1,0.47,5.69
14 Proctor Dr #1,37043,Clarksville,TN,0,0,0,2,1,1650,SINGLE_FAMILY,FOR_SALE,-1,0.0,0.0
9 Gary Ct LOT 14/15,37043,Clarksville,TN,0,0,0,3,2,2620,SINGLE_FAMILY,FOR_SALE,-1,0.0,0.0
3856 Maliki Dr LOT 429,37042,Clarksville,TN,344200,0,0,4,3,1800,SINGLE_FAMILY,FOR_SALE,-1,0.0,0.0
2980 Gibbs Ln LOT 141,37040,Clarksville,TN,383000,0,0,5,3,2250,SINGLE_FAMILY,FOR_SALE,-1,0.0,0.0
1013 Charles Thomas Dr,37042,Clarksville,TN,0,19116,0.0,3,2,1400,SINGLE_FAMILY,FOR_SALE,-1,1.14,13.65
1933 Sydney Louise Dr LOT 343,37042,Clarksville,TN,0,0,0,4,3,2065,SINGLE_FAMILY,FOR_SALE,-1,0.0,0.0
4 Jamestown Pl,37042,Clarksville,TN,0,0,0,0,0,1347,SINGLE_FAMILY,FOR_SALE,-1,0.0,0.0
780 Lillian Grace Dr LOT 65,37043,Clarksville,TN,0,0,0,3,2,1959,SINGLE_FAMILY,FOR_SALE,-1,0.0,0.0
78 Cardinal Dr,37043,Clarksville,TN,0,0,0,3,3,1454,SINGLE_FAMILY,FOR_SALE,-1,0.0,0.0
193 Woodland Dr LOT 5,37043,Clarksville,TN,277000,0,0,3,3,1301,SINGLE_FAMILY,FOR_SALE,-1,0.0,0.0
3114 Sulphur Springs Rd,37043,Clarksville,TN,0,0,0,0,0,0,LOT,FOR_SALE,-1,0.0,0.0
474 Mattingly Dr LOT 87,37042,Clarksville,TN,0,23964,0.0,4,3,1560,SINGLE_FAMILY,FOR_SALE,-1,1.28,15.36
116 Eagles Perch Ln LOT 380,37040,Clarksville,TN,353800,0,0,4,3,2099,SINGLE_FAMILY,FOR_SALE,-1,0.0,0.0
5100 S Highway 41 #A,37010,Adams,TN,0,0,0,4,3,2900,SINGLE_FAMILY,FOR_SALE,-1,0.0,0.0
2240 Highway 48 LOT 8,37040,Clarksville,TN,0,24264,0.0,3,2,1777,SINGLE_FAMILY,FOR_SALE,-1,1.14,13.65
67 Copperstone Dr LOT 67,37043,Clarksville,TN,0,24768,0.0,5,4,3444,SINGLE_FAMILY,FOR_SALE,-1,0.6,7.19
83 Whitman Xing LOT 81,37043,Clarksville,TN,0,0,0,2,2,1512,CONDO,FOR_SALE,-1,0.0,0.0
117 Cardinal Dr LOT 117,37043,Clarksville,TN,0,0,0,3,2,1430,SINGLE_FAMILY,FOR_SALE,-1,0.0,0.0
8 Proctor Dr #1,37043,Clarksville,TN,0,0,0,2,1,1304,SINGLE_FAMILY,FOR_SALE,-1,0.0,0.0
56 Iris Ln LOT 56,37042,Clarksville,TN,0,0,0,3,2,1830,SINGLE_FAMILY,FOR_SALE,-1,0.0,0.0
2629 Rafiki Dr LOT 94,37042,Clarksville,TN,0,0,0,4,3,1650,SINGLE_FAMILY,FOR_SALE,-1,0.0,0.0
971 Smoots Dr LOT 330,37042,Clarksville,TN,0,0,0,4,3,2354,SINGLE_FAMILY,FOR_SALE,-1,0.0,0.0
415 Mattingly Dr LOT 69,37042,Clarksville,TN,257400,0,0,3,2,1208,SINGLE_FAMILY,FOR_SALE,-1,0.0,0.0
995 Cherry Blossom Ln LOT 424,37040,Clarksville,TN,443700,0,0,5,5,2921,SINGLE_FAMILY,FOR_SALE,-1,0.0,0.0
0 Elmwood Dr LOT 5&6,37040,Clarksville,TN,0,15384,0.0,0,0,0,LOT,FOR_SALE,-1,0.0,0.0
47 Cardinal Dr LOT 47,37043,Clarksville,TN,0,0,0,3,3,1454,SINGLE_FAMILY,FOR_SALE,-1,0.0,0.0
1299 Lafayette Rd,37042,Clarksville,TN,0,20328,0.0,0,0,0,LOT,FOR_SALE,-1,0.0,0.0
104 Chestnut Dr LOT 11,37042,Clarksville,TN,289700,0,0,3,3,1475,SINGLE_FAMILY,FOR_SALE,-1,0.0,0.0
53 Cherry Rd LOT 53,37042,Clarksville,TN,289500,0,0,3,2,1214,SINGLE_FAMILY,FOR_SALE,-1,0.0,0.0
3822 Vernon Creek Rd LOT 5,37052,Cunningham,TN,0,16740,0.0,0,0,0,LOT,FOR_SALE,-1,0.0,0.0
12 Proctor Dr,37043,Clarksville,TN,70200,20376,3.4452296819787986,2,1,832,SINGLE_FAMILY,FOR_SALE,-1,2.04,24.49
10 Proctor Dr,37043,Clarksville,TN,81000,20376,3.9752650176678443,2,1,772,SINGLE_FAMILY,FOR_SALE,-1,2.2,26.39
5 Proctor Dr,37043,Clarksville,TN,81500,20400,3.9950980392156863,2,1,616,SINGLE_FAMILY,FOR_SALE,-1,2.76,33.12
6 Proctor Dr,37043,Clarksville,TN,81000,19536,4.146191646191646,2,1,792,SINGLE_FAMILY,FOR_SALE,-1,2.06,24.67
18 Proctor Dr,37043,Clarksville,TN,103800,20400,5.088235294117647,2,1,689,SINGLE_FAMILY,FOR_SALE,-1,2.47,29.61
404 High St,37040,Clarksville,TN,85000,16512,5.1477713178294575,2,2,943,SINGLE_FAMILY,FOR_SALE,-1,1.46,17.51
22 Proctor Dr,37043,Clarksville,TN,128500,20400,6.299019607843137,3,1,816,SINGLE_FAMILY,FOR_SALE,-1,2.08,25.0
264 Denny Rd,37043,Clarksville,TN,138100,20784,6.6445342571208625,2,1,784,SINGLE_FAMILY,FOR_SALE,-1,2.21,26.51
758 Woodmont Blvd,37040,Clarksville,TN,106900,14256,7.4985970819304155,2,1,925,SINGLE_FAMILY,FOR_SALE,-1,1.28,15.41
715 Williams Ln,37040,Clarksville,TN,128900,14328,8.996370742601899,3,1,892,SINGLE_FAMILY,FOR_SALE,-1,1.34,16.06
422 Oriole Cir,37043,Clarksville,TN,212700,23028,9.236581552892131,3,2,1742,SINGLE_FAMILY,FOR_SALE,-1,1.1,13.22
2701 Wakefield Dr,37043,Clarksville,TN,332100,34824,9.536526533425224,5,5,3630,SINGLE_FAMILY,FOR_SALE,-1,0.8,9.59
130 Airport Rd,37042,Clarksville,TN,218300,20028,10.899740363491112,5,2,1716,SINGLE_FAMILY,FOR_SALE,-1,0.97,11.67
1014 Charlotte St,37040,Clarksville,TN,156300,14100,11.085106382978724,2,2,1000,SINGLE_FAMILY,FOR_SALE,-1,1.18,14.1
966 Swift Dr,37040,Clarksville,TN,187800,16728,11.226685796269727,3,2,1200,SINGLE_FAMILY,FOR_SALE,-1,1.16,13.94
2315 Canterbury Rd,37043,Clarksville,TN,305200,26568,11.487503763926528,3,3,2432,SINGLE_FAMILY,FOR_SALE,-1,0.91,10.92
825 Richardson St,37040,Clarksville,TN,215200,18600,11.56989247311828,3,2,1426,MULTI_FAMILY,FOR_SALE,-1,1.09,13.04
2183 Bauling Ct,37040,Clarksville,TN,277300,23928,11.58893346706787,4,3,1986,SINGLE_FAMILY,FOR_SALE,-1,1.0,12.05
577 Bridgette Dr,37042,Clarksville,TN,193800,16704,11.602011494252874,3,2,1050,SINGLE_FAMILY,FOR_SALE,-1,1.33,15.91
634 Ernest St,37040,Clarksville,TN,229900,19680,11.68191056910569,3,2,1364,SINGLE_FAMILY,FOR_SALE,-1,1.2,14.43
512 Ginkgo Dr,37042,Clarksville,TN,218500,18168,12.026640246587407,3,2,1416,SINGLE_FAMILY,FOR_SALE,-1,1.07,12.83
2105 Post Rd,37043,Clarksville,TN,307700,25548,12.043995616095193,3,2,2225,SINGLE_FAMILY,FOR_SALE,-1,0.96,11.48
1308 Cedar St,37040,Clarksville,TN,178700,14796,12.077588537442551,3,1,1126,SINGLE_FAMILY,FOR_SALE,-1,1.1,13.14
106 Cunningham Pl,37042,Clarksville,TN,210300,17400,12.086206896551724,3,3,1348,SINGLE_FAMILY,FOR_SALE,-1,1.08,12.91
516 Rosewood Dr,37043,Clarksville,TN,319200,26364,12.107419208010924,3,2,2300,SINGLE_FAMILY,FOR_SALE,-1,0.96,11.46
4651 Old Ashland City Rd S,37043,Clarksville,TN,296500,23928,12.391340688732866,3,2,1820,SINGLE_FAMILY,FOR_SALE,-1,1.1,13.15
3282 N Senseney Cir,37042,Clarksville,TN,253100,20412,12.399568881050362,3,2,1694,SINGLE_FAMILY,FOR_SALE,-1,1.0,12.05
329 Swan Lake Dr,37043,Clarksville,TN,297600,23928,12.437311935807422,4,2,2198,SINGLE_FAMILY,FOR_SALE,-1,0.91,10.89
404 Carriage Ct,37043,Clarksville,TN,956200,76704,12.46610346266166,4,5,5650,SINGLE_FAMILY,FOR_SALE,-1,1.13,13.58
128 Verisa Dr,37043,Clarksville,TN,373600,29952,12.473290598290598,3,3,2560,SINGLE_FAMILY,FOR_SALE,-1,0.97,11.7
1307 Givens Ln,37040,Clarksville,TN,209400,16740,12.508960573476703,3,2,1167,SINGLE_FAMILY,FOR_SALE,-1,1.2,14.34
469 Bamburg Dr,37040,Clarksville,TN,314800,25140,12.521877486077964,5,3,2510,SINGLE_FAMILY,FOR_SALE,-1,0.83,10.02
1283 Eagles View Dr,37040,Clarksville,TN,330700,26388,12.532211611338488,4,3,2340,SINGLE_FAMILY,FOR_SALE,-1,0.94,11.28
2151 Watertown Pl LOT 15,37043,Clarksville,TN,289600,23088,12.543312543312544,3,4,1937,SINGLE_FAMILY,FOR_SALE,-1,0.99,11.92
725 Princeton Cir,37042,Clarksville,TN,210400,16728,12.577714012434242,3,2,1125,SINGLE_FAMILY,FOR_SALE,-1,1.24,14.87
204 Yorktown Rd,37042,Clarksville,TN,227400,18000,12.633333333333333,3,2,1560,SINGLE_FAMILY,FOR_SALE,-1,0.96,11.54
1009 Hendricks Ct,37040,Clarksville,TN,303600,23940,12.68170426065163,4,2,2199,SINGLE_FAMILY,FOR_SALE,-1,0.91,10.89
919 Hedge Apple Dr,37040,Clarksville,TN,283500,22188,12.777176852352623,4,3,1940,SINGLE_FAMILY,FOR_SALE,-1,0.95,11.44
1307 Bluebonnet Dr,37042,Clarksville,TN,296700,23100,12.844155844155845,4,3,2079,SINGLE_FAMILY,FOR_SALE,-1,0.93,11.11
2714 Turner Ln,37040,Clarksville,TN,247800,19188,12.914321450906817,3,1,1252,SINGLE_FAMILY,FOR_SALE,-1,1.28,15.33
1816 Theresa Dr LOT 19,37043,Clarksville,TN,323200,25020,12.917665867306155,4,2,2208,SINGLE_FAMILY,FOR_SALE,-1,0.94,11.33
229 Wade Hampton Ln,37040,Clarksville,TN,324700,25044,12.965181280945536,3,2,1459,SINGLE_FAMILY,FOR_SALE,-1,1.43,17.17
1504 Osage Ct,37042,Clarksville,TN,344100,26388,13.040018190086403,4,3,2452,SINGLE_FAMILY,FOR_SALE,-1,0.9,10.76
729 Pollard Rd,37042,Clarksville,TN,299200,22896,13.067784765897974,4,3,2080,SINGLE_FAMILY,FOR_SALE,-1,0.92,11.01
3708 Kendra Ct S,37040,Clarksville,TN,305700,23388,13.070805541303232,3,3,2156,SINGLE_FAMILY,FOR_SALE,-1,0.9,10.85
4282 Highway 41a S,37043,Clarksville,TN,374200,28572,13.096738065238695,1,1,2880,SINGLE_FAMILY,FOR_SALE,-1,0.83,9.92
1005 Hickory Point Rd,37043,Clarksville,TN,677300,51564,13.13513303855403,4,3,3082,SINGLE_FAMILY,FOR_SALE,-1,1.39,16.73
405 Breckinridge Rd,37042,Clarksville,TN,280300,21288,13.167042465238632,4,2,2017,SINGLE_FAMILY,FOR_SALE,-1,0.88,10.55
1493 Coronado Dr,37042,Clarksville,TN,264700,20052,13.20067823658488,3,2,1268,SINGLE_FAMILY,FOR_SALE,-1,1.32,15.81
78 Clover Glenn Flt,37043,Clarksville,TN,317000,23988,13.214940803735201,3,3,1595,SINGLE_FAMILY,FOR_SALE,-1,1.25,15.04
529 Pollard Rd,37042,Clarksville,TN,235500,17796,13.233310856372219,3,2,1250,SINGLE_FAMILY,FOR_SALE,-1,1.19,14.24
460 Kinslow Ct,37040,Clarksville,TN,350500,26388,13.282552675458541,4,3,2322,SINGLE_FAMILY,FOR_SALE,-1,0.95,11.36
202 Jim Thorpe Dr,37042,Clarksville,TN,223300,16800,13.291666666666666,3,2,1146,SINGLE_FAMILY,FOR_SALE,-1,1.22,14.66
226 Al Oerter Dr,37042,Clarksville,TN,219000,16392,13.360175695461201,3,2,1150,SINGLE_FAMILY,FOR_SALE,-1,1.19,14.25
3436 E Henderson Way,37042,Clarksville,TN,303100,22644,13.38544426779721,3,3,1904,SINGLE_FAMILY,FOR_SALE,-1,0.99,11.89
1617 Golf Club Ln,37043,Clarksville,TN,250100,18648,13.411625911625912,3,2,1602,SINGLE_FAMILY,FOR_SALE,-1,0.97,11.64
1380 Bluebonnet Dr,37042,Clarksville,TN,325300,24168,13.459947037404833,5,3,2388,SINGLE_FAMILY,FOR_SALE,-1,0.84,10.12
1287 Magnum Dr LOT 514,37040,Clarksville,TN,355600,26388,13.475822343489465,4,3,2344,SINGLE_FAMILY,FOR_SALE,-1,0.94,11.26
271 Denny Rd,37043,Clarksville,TN,312500,23184,13.479123533471359,3,3,1862,SINGLE_FAMILY,FOR_SALE,-1,1.04,12.45
648 Dean Rd,37040,Clarksville,TN,225500,16728,13.480392156862745,3,2,1168,SINGLE_FAMILY,FOR_SALE,-1,1.19,14.32
586 Colby Cv,37042,Clarksville,TN,219200,16248,13.490891186607582,3,2,1112,SINGLE_FAMILY,FOR_SALE,-1,1.22,14.61
238 Alexander Blvd,37040,Clarksville,TN,218800,16200,13.506172839506172,2,3,1216,TOWNHOUSE,FOR_SALE,-1,1.11,13.32
1348 Allmon Dr,37042,Clarksville,TN,333600,24696,13.508260447035957,4,3,2292,SINGLE_FAMILY,FOR_SALE,-1,0.9,10.77
151 Union Hall Rd,37040,Clarksville,TN,227000,16776,13.531235097758703,3,2,1131,SINGLE_FAMILY,FOR_SALE,-1,1.24,14.83
227 Grassmire Dr,37042,Clarksville,TN,259400,19128,13.561271434546216,3,2,1558,SINGLE_FAMILY,FOR_SALE,-1,1.02,12.28
1053 Princeton Ct,37042,Clarksville,TN,216500,15960,13.56516290726817,3,2,1092,SINGLE_FAMILY,FOR_SALE,-1,1.22,14.62
2239 Sweetbriar Dr,37043,Clarksville,TN,345900,25380,13.628841607565011,4,3,2288,SINGLE_FAMILY,FOR_SALE,-1,0.92,11.09
1128 Eagles Nest Ln,37040,Clarksville,TN,310900,22800,13.635964912280702,3,3,2000,SINGLE_FAMILY,FOR_SALE,-1,0.95,11.4
300 Piedmont Pl,37043,Clarksville,TN,480500,35184,13.656775807185085,4,3,3100,SINGLE_FAMILY,FOR_SALE,-1,0.95,11.35
102 King Cole Dr,37042,Clarksville,TN,213600,15612,13.681783243658725,3,2,1075,SINGLE_FAMILY,FOR_SALE,-1,1.21,14.52
216 Drayton Dr #G,37042,Clarksville,TN,234800,17148,13.692558898996968,2,3,1146,SINGLE_FAMILY,FOR_SALE,-1,1.25,14.96
1506 Cobra Ln,37042,Clarksville,TN,324200,23676,13.693191417469167,4,3,2058,SINGLE_FAMILY,FOR_SALE,-1,0.96,11.5
1596 Bevard Rd,37042,Clarksville,TN,196600,14328,13.7213847012842,3,1,1050,SINGLE_FAMILY,FOR_SALE,-1,1.14,13.65
2235 Roanoke Rd,37043,Clarksville,TN,454800,33144,13.721940622737147,3,3,2806,SINGLE_FAMILY,FOR_SALE,-1,0.98,11.81
1405 Addison Dr,37042,Clarksville,TN,269100,19608,13.723990208078336,3,3,1568,SINGLE_FAMILY,FOR_SALE,-1,1.04,12.51
3367 Dabney Ln,37043,Clarksville,TN,361500,26340,13.724373576309794,4,3,2300,SINGLE_FAMILY,FOR_SALE,-1,0.95,11.45
132 Sycamore Hill Dr,37042,Clarksville,TN,328500,23928,13.728686058174523,4,3,2000,SINGLE_FAMILY,FOR_SALE,-1,1.0,11.96
548 Magnolia Dr,37042,Clarksville,TN,288200,20988,13.731656184486374,4,3,1564,SINGLE_FAMILY,FOR_SALE,-1,1.12,13.42
3752 Windhaven Dr,37040,Clarksville,TN,346400,25164,13.765697027499602,5,3,2125,SINGLE_FAMILY,FOR_SALE,-1,0.99,11.84
3804 Trenton Rd,37040,Clarksville,TN,280100,20328,13.779024006296734,3,3,1536,SINGLE_FAMILY,FOR_SALE,-1,1.1,13.23
1343 Whitt Ln,37042,Clarksville,TN,273000,19800,13.787878787878787,3,2,1516,SINGLE_FAMILY,FOR_SALE,-1,1.09,13.06
819 Stafford St,37040,Clarksville,TN,295600,21408,13.807922272047833,2,2,1739,SINGLE_FAMILY,FOR_SALE,-1,1.03,12.31
1113 Whitney Dr,37042,Clarksville,TN,278600,20160,13.819444444444445,3,2,1300,SINGLE_FAMILY,FOR_SALE,-1,1.29,15.51
1732 Broadripple Dr,37042,Clarksville,TN,248300,17940,13.840579710144928,3,2,1220,SINGLE_FAMILY,FOR_SALE,-1,1.23,14.7
979 Terraceside Cir,37040,Clarksville,TN,365500,26388,13.850992875549492,3,2,2426,SINGLE_FAMILY,FOR_SALE,-1,0.91,10.88
821 Rushing Dr,37042,Clarksville,TN,298600,21528,13.870308435525827,3,2,1605,SINGLE_FAMILY,FOR_SALE,-1,1.12,13.41
1324 Winterset Dr,37040,Clarksville,TN,346500,24972,13.875540605478136,4,3,2204,SINGLE_FAMILY,FOR_SALE,-1,0.94,11.33
2208 Allen Griffey Rd,37042,Clarksville,TN,343400,24744,13.878111865502747,4,3,2204,SINGLE_FAMILY,FOR_SALE,-1,0.94,11.23
2334 Danbury Dr,37042,Clarksville,TN,367000,26388,13.907836895558587,5,3,2527,SINGLE_FAMILY,FOR_SALE,-1,0.87,10.44
192 Lancashire Dr,37043,Clarksville,TN,348100,25020,13.912869704236611,3,2,2184,SINGLE_FAMILY,FOR_SALE,-1,0.95,11.46
422 N Magnolia Dr,37042,Clarksville,TN,279000,20052,13.91382405745063,3,2,1283,SINGLE_FAMILY,FOR_SALE,-1,1.3,15.63
1603 Deerfield Dr,37043,Clarksville,TN,417300,29964,13.926712054465359,4,3,2826,SINGLE_FAMILY,FOR_SALE,-1,0.88,10.6
1432 Collins View Way,37043,Clarksville,TN,834900,59904,13.937299679487179,5,5,4103,SINGLE_FAMILY,FOR_SALE,-1,1.22,14.6
1010 Summerhaven Rd,37042,Clarksville,TN,285600,20400,14.0,4,3,1600,SINGLE_FAMILY,FOR_SALE,-1,1.06,12.75
2158 Powell Rd,37043,Clarksville,TN,369600,26364,14.019116977696859,4,3,2152,SINGLE_FAMILY,FOR_SALE,-1,1.02,12.25
1677 Cedar Springs Cir,37042,Clarksville,TN,298800,21288,14.03607666290868,3,2,1770,SINGLE_FAMILY,FOR_SALE,-1,1.0,12.03
2199 Hondo Dr,37042,Clarksville,TN,465200,33120,14.045893719806763,5,5,3854,SINGLE_FAMILY,FOR_SALE,-1,0.72,8.59
709 Shelton Cir,37042,Clarksville,TN,263300,18744,14.047161758429365,4,2,1506,SINGLE_FAMILY,FOR_SALE,-1,1.04,12.45
265 Shiloh Rd,37042,Clarksville,TN,262500,18684,14.049454078355813,3,2,1329,SINGLE_FAMILY,FOR_SALE,-1,1.17,14.06
464 Pollard Rd,37042,Clarksville,TN,261300,18576,14.06653746770026,3,2,1611,SINGLE_FAMILY,FOR_SALE,-1,0.96,11.53
221 John Duke Tyler Blvd,37043,Clarksville,TN,470200,33420,14.069419509275884,5,4,3071,SINGLE_FAMILY,FOR_SALE,-1,0.91,10.88
3325 Victoria Ct,37043,Clarksville,TN,355900,25212,14.116293828335714,3,2,2054,SINGLE_FAMILY,FOR_SALE,-1,1.02,12.27
853 Glastonbury Ct,37043,Clarksville,TN,619700,43896,14.117459449608164,5,3,3026,SINGLE_FAMILY,FOR_SALE,-1,1.21,14.51
425 Fentress Loop,37040,Clarksville,TN,405900,28740,14.123173277661795,3,2,1912,SINGLE_FAMILY,FOR_SALE,-1,1.25,15.03
512 Glenn St,37040,Clarksville,TN,190100,13440,14.144345238095237,2,1,864,SINGLE_FAMILY,FOR_SALE,-1,1.3,15.56
3354 Brownsville Rd,37043,Clarksville,TN,553100,39096,14.147227337835073,3,2,2155,SINGLE_FAMILY,FOR_SALE,-1,1.51,18.14
120 Woodtrace Ct,37042,Clarksville,TN,319000,22536,14.155129570465034,5,3,1792,SINGLE_FAMILY,FOR_SALE,-1,1.05,12.58
1719 Setter Rd,37042,Clarksville,TN,249800,17640,14.160997732426305,3,2,1251,SINGLE_FAMILY,FOR_SALE,-1,1.18,14.1
3464 Arvin Dr LOT 38,37042,Clarksville,TN,271800,19188,14.165103189493433,3,2,1580,SINGLE_FAMILY,FOR_SALE,-1,1.01,12.14
1300 Black Oak Cir,37042,Clarksville,TN,406600,28680,14.177126917712691,5,3,2908,SINGLE_FAMILY,FOR_SALE,-1,0.82,9.86
119 Bluegrass Rd,37042,Clarksville,TN,252100,17772,14.185235201440468,3,2,1200,SINGLE_FAMILY,FOR_SALE,-1,1.23,14.81
2596 Browning Way,37043,Clarksville,TN,550300,38760,14.197626418988648,4,3,2894,SINGLE_FAMILY,FOR_SALE,-1,1.12,13.39
632 N Woodson Rd,37043,Clarksville,TN,763700,53712,14.21842418826333,5,5,4332,SINGLE_FAMILY,FOR_SALE,-1,1.03,12.4
3490 Torrington Ln,37042,Clarksville,TN,312800,21984,14.228529839883551,3,3,2030,SINGLE_FAMILY,FOR_SALE,-1,0.9,10.83
230 Stone Bluff Way LOT 363,37040,Clarksville,TN,353800,24816,14.256931012250162,4,3,2068,SINGLE_FAMILY,FOR_SALE,-1,1.0,12.0
533 Brentwood Cir,37042,Clarksville,TN,341300,23928,14.263624205951187,5,3,2332,SINGLE_FAMILY,FOR_SALE,-1,0.86,10.26
232 Hawkins Rd,37040,Clarksville,TN,307900,21540,14.294336118848653,3,2,1791,SINGLE_FAMILY,FOR_SALE,-1,1.0,12.03
132 Roanoke Station Cir,37043,Clarksville,TN,570000,39828,14.311539620367581,4,4,3648,SINGLE_FAMILY,FOR_SALE,-1,0.91,10.92
1068 Black Oak Cir,37042,Clarksville,TN,411300,28728,14.31704260651629,5,3,2803,SINGLE_FAMILY,FOR_SALE,-1,0.85,10.25
529 Sourwood Dr,37042,Clarksville,TN,309300,21600,14.319444444444445,3,3,585,SINGLE_FAMILY,FOR_SALE,-1,3.08,36.92
2800 Doe Dr,37043,Clarksville,TN,669200,46716,14.32485658018666,3,3,3850,SINGLE_FAMILY,FOR_SALE,-1,1.01,12.13
210 Creekside Dr,37042,Clarksville,TN,204400,14268,14.325763947294645,3,1,1040,SINGLE_FAMILY,FOR_SALE,-1,1.14,13.72
8 Katie Ct,37043,Clarksville,TN,809100,56460,14.330499468650371,5,4,4604,SINGLE_FAMILY,FOR_SALE,-1,1.02,12.26
1249 Slayden Cir,37040,Clarksville,TN,445300,31056,14.338614116434828,4,2,2139,SINGLE_FAMILY,FOR_SALE,-1,1.21,14.52
1132 Hilliard Ln,37042,Clarksville,TN,378400,26388,14.33985144762771,4,3,2571,SINGLE_FAMILY,FOR_SALE,-1,0.86,10.26
3526 Clearwater Dr,37042,Clarksville,TN,318600,22188,14.359113034072472,4,3,2045,SINGLE_FAMILY,FOR_SALE,-1,0.9,10.85
647 Sturdivant Dr,37042,Clarksville,TN,352600,24552,14.361355490387748,4,3,2299,SINGLE_FAMILY,FOR_SALE,-1,0.89,10.68
508 Bowden Dr,37043,Clarksville,TN,429000,29856,14.368971061093248,5,3,2393,SINGLE_FAMILY,FOR_SALE,-1,1.04,12.48
302 Pollard Rd,37042,Clarksville,TN,258700,18000,14.372222222222222,3,2,1440,SINGLE_FAMILY,FOR_SALE,-1,1.04,12.5
596 Tracy Ln,37040,Clarksville,TN,268500,18672,14.379820051413882,3,2,1225,SINGLE_FAMILY,FOR_SALE,-1,1.27,15.24
2425 Settlers Trce LOT 32,37043,Clarksville,TN,957400,66528,14.390933140933141,6,5,5209,SINGLE_FAMILY,FOR_SALE,-1,1.06,12.77
344 Abeline Dr LOT 61,37043,Clarksville,TN,396400,27540,14.39360929557008,4,3,2179,SINGLE_FAMILY,FOR_SALE,-1,1.05,12.64
2180 Highway 48 LOT 2,37040,Clarksville,TN,346000,23988,14.423878605969652,3,2,1510,SINGLE_FAMILY,FOR_SALE,-1,1.32,15.89
912 Hunter Ln,37043,Clarksville,TN,312200,21612,14.44567832685545,3,2,1708,SINGLE_FAMILY,FOR_SALE,-1,1.05,12.65
324 Abeline Dr,37043,Clarksville,TN,347900,24072,14.452475905616485,3,2,1852,SINGLE_FAMILY,FOR_SALE,-1,1.08,13.0
1270 Highgrove Ln,37043,Clarksville,TN,559900,38736,14.45425444031392,4,3,3053,SINGLE_FAMILY,FOR_SALE,-1,1.06,12.69
1700 Ridge Runner Ct,37042,Clarksville,TN,303600,20988,14.465408805031446,3,3,1680,SINGLE_FAMILY,FOR_SALE,-1,1.04,12.49
2989 Eliza Dr,37043,Clarksville,TN,733200,50616,14.485538169748697,5,5,4197,SINGLE_FAMILY,FOR_SALE,-1,1.01,12.06
1124 Henry Place Blvd,37042,Clarksville,TN,408800,28200,14.49645390070922,5,3,2845,SINGLE_FAMILY,FOR_SALE,-1,0.83,9.91
681 Ringgold Rd,37042,Clarksville,TN,177300,12228,14.499509322865554,2,1,1218,SINGLE_FAMILY,FOR_SALE,-1,0.84,10.04
1336 Canyon Pl,37042,Clarksville,TN,339800,23388,14.52881819736617,4,3,1865,SINGLE_FAMILY,FOR_SALE,-1,1.05,12.54
684 Superior Ln,37043,Clarksville,TN,413100,28428,14.53144786829886,6,3,2922,SINGLE_FAMILY,FOR_SALE,-1,0.81,9.73
2564 Hedgerow Ln,37043,Clarksville,TN,503300,34536,14.573198980773686,3,4,3011,SINGLE_FAMILY,FOR_SALE,-1,0.96,11.47
1565 Buchanon Dr,37042,Clarksville,TN,367500,25200,14.583333333333334,5,4,2665,SINGLE_FAMILY,FOR_SALE,-1,0.79,9.46
3018 Kirkwood Rd,37043,Clarksville,TN,560000,38388,14.587892049598834,4,4,3164,SINGLE_FAMILY,FOR_SALE,-1,1.01,12.13
285 Dean Rd,37040,Clarksville,TN,817200,56004,14.591814870366402,4,3,2810,SINGLE_FAMILY,FOR_SALE,-1,1.66,19.93
723 Tylertown Rd,37040,Clarksville,TN,332700,22800,14.592105263157896,3,2,2230,SINGLE_FAMILY,FOR_SALE,-1,0.85,10.22
3061 Nicole Rd,37040,Clarksville,TN,608700,41676,14.605528361646991,3,3,3142,SINGLE_FAMILY,FOR_SALE,-1,1.11,13.26
564 Medallion Cir,37042,Clarksville,TN,298200,20400,14.617647058823529,3,2,1522,SINGLE_FAMILY,FOR_SALE,-1,1.12,13.4
3184 Dunlop Ln,37043,Clarksville,TN,598300,40908,14.62550112447443,4,3,3029,SINGLE_FAMILY,FOR_SALE,-1,1.13,13.51
1050 Willow Cir,37043,Clarksville,TN,516500,35280,14.640022675736962,4,4,3198,SINGLE_FAMILY,FOR_SALE,-1,0.92,11.03
427 Kristie Michelle Ln LOT 147,37042,Clarksville,TN,368000,25128,14.645017510347023,4,3,2167,SINGLE_FAMILY,FOR_SALE,-1,0.97,11.6
271 Timber Court Dr,37043,Clarksville,TN,547500,37380,14.646869983948635,8,4,4200,MULTI_FAMILY,FOR_SALE,-1,0.74,8.9
651 Wheeler Rd,37040,Clarksville,TN,480800,32796,14.660324429808513,4,3,2850,SINGLE_FAMILY,FOR_SALE,-1,0.96,11.51
416 Lake Pointe Dr,37043,Clarksville,TN,819900,55884,14.671462314794933,4,3,4360,SINGLE_FAMILY,FOR_SALE,-1,1.07,12.82
737 W Creek Dr LOT 124,37040,Clarksville,TN,256000,17400,14.71264367816092,3,2,1315,SINGLE_FAMILY,FOR_SALE,-1,1.1,13.23
1385 L Bumpus Rd,37040,Clarksville,TN,498000,33744,14.758179231863442,5,3,2389,SINGLE_FAMILY,FOR_SALE,-1,1.18,14.12
517 Jewel Dr,37042,Clarksville,TN,223500,15144,14.758320126782884,3,1,1150,SINGLE_FAMILY,FOR_SALE,-1,1.1,13.17
2481 Ellsworth Dr LOT 135,37043,Clarksville,TN,697700,47268,14.76051451298976,4,3,3127,SINGLE_FAMILY,FOR_SALE,-1,1.26,15.12
8079 Highway 41a,37032,Cedar Hill,TN,795000,53832,14.768167632634864,5,4,4192,SINGLE_FAMILY,FOR_SALE,-1,1.07,12.84
1107 Gunpoint Dr,37042,Clarksville,TN,265000,17928,14.781347612672914,3,2,1294,SINGLE_FAMILY,FOR_SALE,-1,1.15,13.85
3048 Carrie Taylor Cir,37043,Clarksville,TN,538300,36408,14.785212041309602,4,3,2657,SINGLE_FAMILY,FOR_SALE,-1,1.14,13.7
1322 Tannahill Way,37043,Clarksville,TN,489600,33096,14.793328498912254,3,3,2516,SINGLE_FAMILY,FOR_SALE,-1,1.1,13.15
2499 Old Timber Ct,37042,Clarksville,TN,481800,32556,14.79911537043863,5,4,3904,SINGLE_FAMILY,FOR_SALE,-1,0.69,8.34
2343 Davidson Graveyard Rd LOT 2,37043,Clarksville,TN,539100,36408,14.807185234014502,4,4,2200,SINGLE_FAMILY,FOR_SALE,-1,1.38,16.55
2733 Memorial Drive Ext,37043,Clarksville,TN,378300,25548,14.807421324565524,3,2,2205,SINGLE_FAMILY,FOR_SALE,-1,0.97,11.59
1150 Lafayette Rd,37042,Clarksville,TN,678700,45816,14.813602235027064,5,5,3500,SINGLE_FAMILY,FOR_SALE,-1,1.09,13.09
941 Kingsbury Dr APT C,37040,Clarksville,TN,209700,14136,14.83446519524618,2,2,1024,SINGLE_FAMILY,FOR_SALE,-1,1.15,13.8
3357 Melissa Ln,37042,Clarksville,TN,329700,22188,14.859383450513791,3,2,2032,SINGLE_FAMILY,FOR_SALE,-1,0.91,10.92
1149 Eagles Bluff Dr,37040,Clarksville,TN,355200,23892,14.866901054746359,4,3,2028,SINGLE_FAMILY,FOR_SALE,-1,0.98,11.78
3485 Sikorsky Ln,37042,Clarksville,TN,393300,26388,14.90450204638472,5,3,2759,SINGLE_FAMILY,FOR_SALE,-1,0.8,9.56
3341 Melissa Ln,37042,Clarksville,TN,357800,23988,14.915791228947807,3,3,2284,SINGLE_FAMILY,FOR_SALE,-1,0.88,10.5
2809 Teakwood Dr,37040,Clarksville,TN,242200,16200,14.950617283950617,3,2,1173,SINGLE_FAMILY,FOR_SALE,-1,1.15,13.81
3122 Southpoint Dr,37043,Clarksville,TN,396000,26412,14.993184915947296,3,3,2540,SINGLE_FAMILY,FOR_SALE,-1,0.87,10.4
1120 Reda Dr,37042,Clarksville,TN,743100,49500,15.012121212121212,4,6,3995,SINGLE_FAMILY,FOR_SALE,-1,1.03,12.39
2860 Sharpie Dr,37040,Clarksville,TN,333600,22188,15.035154137371553,4,3,2016,SINGLE_FAMILY,FOR_SALE,-1,0.92,11.01
755 N Woodson Rd,37043,Clarksville,TN,1046700,69588,15.041386445938954,4,4,3372,SINGLE_FAMILY,FOR_SALE,-1,1.72,20.64
1164 Eagles Bluff Dr,37040,Clarksville,TN,353200,23472,15.047716428084525,4,3,2000,SINGLE_FAMILY,FOR_SALE,-1,0.98,11.74
757 Leigh Ann Dr,37042,Clarksville,TN,277400,18420,15.05971769815418,3,2,1655,SINGLE_FAMILY,FOR_SALE,-1,0.93,11.13
1002 Willow Cir,37043,Clarksville,TN,507600,33636,15.090973956475205,3,3,2952,SINGLE_FAMILY,FOR_SALE,-1,0.95,11.39
62 Clover Glenn Flt,37043,Clarksville,TN,356900,23628,15.10496021669206,3,2,1892,SINGLE_FAMILY,FOR_SALE,-1,1.04,12.49
1149 Connemara Way,37040,Clarksville,TN,336400,22188,15.161348476654048,3,3,1943,SINGLE_FAMILY,FOR_SALE,-1,0.95,11.42
330 Broadmore Dr,37042,Clarksville,TN,295300,19476,15.162250975559664,3,3,1607,SINGLE_FAMILY,FOR_SALE,-1,1.01,12.12
3276 Twelve Oaks Blvd,37042,Clarksville,TN,333000,21732,15.323025952512424,3,3,1885,SINGLE_FAMILY,FOR_SALE,-1,0.96,11.53
462 Winding Bluff Way,37040,Clarksville,TN,378000,24600,15.365853658536585,4,3,2583,SINGLE_FAMILY,FOR_SALE,-1,0.79,9.52
442 Mattingly Dr LOT 79,37042,Clarksville,TN,264800,17220,15.37746806039489,3,2,1176,SINGLE_FAMILY,FOR_SALE,-1,1.22,14.64
916 Glenhurst Way,37040,Clarksville,TN,506700,32940,15.382513661202186,4,3,3032,SINGLE_FAMILY,FOR_SALE,-1,0.91,10.86
197 Dorchester Cir,37043,Clarksville,TN,408000,26388,15.461573442473851,4,2,2136,SINGLE_FAMILY,FOR_SALE,-1,1.03,12.35
503 Ginkgo Dr,37042,Clarksville,TN,223800,14400,15.541666666666666,3,1,1323,SINGLE_FAMILY,FOR_SALE,-1,0.91,10.88
57 Cherry Rd LOT 57,37042,Clarksville,TN,334900,21540,15.547818012999072,3,3,1693,SINGLE_FAMILY,FOR_SALE,-1,1.06,12.72
2570 Alex Overlook Way,37043,Clarksville,TN,422800,27000,15.65925925925926,4,2,2308,SINGLE_FAMILY,FOR_SALE,-1,0.97,11.7
981 Roedeer Dr,37042,Clarksville,TN,290900,18576,15.659991386735573,3,3,1528,SINGLE_FAMILY,FOR_SALE,-1,1.01,12.16
125 Darby Dr,37042,Clarksville,TN,421600,26916,15.663545846336751,5,3,2877,SINGLE_FAMILY,FOR_SALE,-1,0.78,9.36
1009 Garner Hills Dr,37042,Clarksville,TN,463200,29532,15.684681023973994,5,3,2850,SINGLE_FAMILY,FOR_SALE,-1,0.86,10.36
2515 Ashland City Rd,37043,Clarksville,TN,367900,23388,15.73028903711305,3,3,1879,SINGLE_FAMILY,FOR_SALE,-1,1.04,12.45
1184 Governors Run,37042,Clarksville,TN,359000,22716,15.803838703997183,3,3,2050,SINGLE_FAMILY,FOR_SALE,-1,0.92,11.08
2147 Whitfield Rd,37040,Clarksville,TN,290600,18384,15.807223672758921,4,3,1959,SINGLE_FAMILY,FOR_SALE,-1,0.78,9.38
125 Lawn St,37040,Clarksville,TN,372300,23544,15.812945973496433,3,2,2167,SINGLE_FAMILY,FOR_SALE,-1,0.91,10.86
46 Hillsboro Rd,37042,Clarksville,TN,305800,19272,15.867579908675799,3,2,1792,SINGLE_FAMILY,FOR_SALE,-1,0.9,10.75
3196 Porter Hills Dr,37043,Clarksville,TN,615900,38796,15.87534797401794,5,4,3144,SINGLE_FAMILY,FOR_SALE,-1,1.03,12.34
2352 Ellsworth Dr,37043,Clarksville,TN,360500,22548,15.988114245165868,3,3,1944,SINGLE_FAMILY,FOR_SALE,-1,0.97,11.6
125 Cottage Ln,37043,Clarksville,TN,386400,24096,16.03585657370518,3,3,1780,SINGLE_FAMILY,FOR_SALE,-1,1.13,13.54
408 N Magnolia Dr,37042,Clarksville,TN,294900,18336,16.083115183246072,3,2,2136,SINGLE_FAMILY,FOR_SALE,-1,0.72,8.58
812 Jersey Dr,37043,Clarksville,TN,384900,23928,16.085757271815446,3,2,1685,SINGLE_FAMILY,FOR_SALE,-1,1.18,14.2
168 Inglewood Dr,37040,Clarksville,TN,213100,13164,16.18808872683075,2,1,816,SINGLE_FAMILY,FOR_SALE,-1,1.34,16.13
238 Rossview Rd,37043,Clarksville,TN,233600,14400,16.22222222222222,3,1,1522,SINGLE_FAMILY,FOR_SALE,-1,0.79,9.46
845 Glendale Dr,37043,Clarksville,TN,243400,15000,16.226666666666667,3,1,1350,SINGLE_FAMILY,FOR_SALE,-1,0.93,11.11
355 Erie Dr,37040,Clarksville,TN,263400,16200,16.25925925925926,3,2,1149,SINGLE_FAMILY,FOR_SALE,-1,1.17,14.1
184 Copperstone Dr,37043,Clarksville,TN,852900,51828,16.45635563787914,4,5,3700,SINGLE_FAMILY,FOR_SALE,-1,1.17,14.01
3 Lacy Ln,37043,Clarksville,TN,285700,17304,16.51063337956542,3,2,1195,SINGLE_FAMILY,FOR_SALE,-1,1.21,14.48
908 Roman St,37040,Clarksville,TN,396900,23940,16.57894736842105,4,2,1856,MULTI_FAMILY,FOR_SALE,-1,1.07,12.9
806 Rushing Dr,37042,Clarksville,TN,338600,20400,16.598039215686274,4,3,2013,SINGLE_FAMILY,FOR_SALE,-1,0.84,10.13
571 Christel Springs Dr,37043,Clarksville,TN,554700,33132,16.742122419413256,4,4,3248,SINGLE_FAMILY,FOR_SALE,-1,0.85,10.2
95 Reserves At Charleston Oaks,37042,Clarksville,TN,320300,19128,16.74508573818486,3,2,1503,SINGLE_FAMILY,FOR_SALE,-1,1.06,12.73
944 Norman St,37040,Clarksville,TN,489200,29052,16.83877185735922,6,4,2750,MULTI_FAMILY,FOR_SALE,-1,0.88,10.56
839 Peachers Mill Rd,37042,Clarksville,TN,307300,17976,17.095015576323988,3,2,1872,SINGLE_FAMILY,FOR_SALE,-1,0.8,9.6
427 Lillian Dr,37040,Clarksville,TN,300500,17400,17.270114942528735,4,2,3078,SINGLE_FAMILY,FOR_SALE,-1,0.47,5.65
4906 Albright Rd,37043,Clarksville,TN,669300,38664,17.310676598386095,3,3,4613,SINGLE_FAMILY,FOR_SALE,-1,0.7,8.38
1897 Shield Dr,37043,Clarksville,TN,568500,32400,17.546296296296298,4,3,3014,SINGLE_FAMILY,FOR_SALE,-1,0.9,10.75
121 Allenwood Dr,37043,Clarksville,TN,277700,15804,17.571500885851684,3,1,1310,SINGLE_FAMILY,FOR_SALE,-1,1.01,12.06
419 Highland Cir,37043,Clarksville,TN,230800,12600,18.317460317460316,3,1,1523,SINGLE_FAMILY,FOR_SALE,-1,0.69,8.27
95 Airport Rd,37042,Clarksville,TN,324000,15696,20.642201834862384,3,1,1768,SINGLE_FAMILY,FOR_SALE,-1,0.74,8.88
1 Proctor Dr,37043,Clarksville,TN,399500,14568,27.423119165293794,4,2,1248,MULTI_FAMILY,FOR_SALE,-1,0.97,11.67
